n,politica,k,p,A_analitico,A_simulado,rodadas,sucessos,erro_absoluto,erro_relativo_pct,IC95_inf,IC95_sup,A_dentro_do_IC95
1,k=1,1,0.50000000,0.50000000,0.49884000,100000,49884,0.00116000,0.23200000,0.49574108,0.50193901,True
1,k=1,1,0.70000000,0.70000000,0.69948000,100000,69948,0.00052000,0.07428571,0.69663067,0.70231401,True
1,k=1,1,0.90000000,0.90000000,0.89860000,100000,89860,0.00140000,0.15555556,0.89671373,0.90045565,True
1,k=1,1,0.95000000,0.95000000,0.94952000,100000,94952,0.00048000,0.05052632,0.94814569,0.95085978,True
1,k=1,1,0.99000000,0.99000000,0.98992000,100000,98992,0.00008000,0.00808081,0.98928177,0.99052059,True
3,k=1,1,0.50000000,0.87500000,0.87482000,100000,87482,0.00018000,0.02057143,0.87275451,0.87685669,True
3,k=1,1,0.70000000,0.97300000,0.97285000,100000,97285,0.00015000,0.01541624,0.97182438,0.97383929,True
3,k=1,1,0.90000000,0.99900000,0.99904000,100000,99904,0.00004000,0.00400400,0.99882793,0.99921373,True
3,k=1,1,0.95000000,0.99987500,0.99987000,100000,99987,0.00000500,0.00050006,0.99977757,0.99992402,True
3,k=1,1,0.99000000,0.99999900,1.00000000,100000,100000,0.00000100,0.00010000,0.99996159,1.00000000,True
3,k=maioria,2,0.50000000,0.50000000,0.49906000,100000,49906,0.00094000,0.18800000,0.49596107,0.50215900,True
3,k=maioria,2,0.70000000,0.78400000,0.77980000,100000,77980,0.00420000,0.53571429,0.77722092,0.78235759,False
3,k=maioria,2,0.90000000,0.97200000,0.97153000,100000,97153,0.00047000,0.04835391,0.97048094,0.97254283,True
3,k=maioria,2,0.95000000,0.99275000,0.99268000,100000,99268,0.00007000,0.00705112,0.99213240,0.99318975,True
3,k=maioria,2,0.99000000,0.99970200,0.99974000,100000,99974,0.00003800,0.00380113,0.99961905,0.99982256,True
3,k=n,3,0.50000000,0.12500000,0.12402000,100000,12402,0.00098000,0.78400000,0.12199152,0.12607736,True
3,k=n,3,0.70000000,0.34300000,0.34220000,100000,34220,0.00080000,0.23323615,0.33926546,0.34514666,True
3,k=n,3,0.90000000,0.72900000,0.72679000,100000,72679,0.00221000,0.30315501,0.72401942,0.72954315,True
3,k=n,3,0.95000000,0.85737500,0.85691000,100000,85691,0.00046500,0.05423531,0.85472595,0.85906663,True
3,k=n,3,0.99000000,0.97029900,0.96996000,100000,96996,0.00033900,0.03493768,0.96888382,0.97100007,True
5,k=1,1,0.50000000,0.96875000,0.96951000,100000,96951,0.00076000,0.07845161,0.96842619,0.97055774,True
5,k=1,1,0.70000000,0.99757000,0.99732000,100000,99732,0.00025000,0.02506090,0.99697990,0.99762189,True
5,k=1,1,0.90000000,0.99999000,0.99999000,100000,99999,0.00000000,0.00000000,0.99994335,0.99999823,True
5,k=1,1,0.95000000,0.99999969,1.00000000,100000,100000,0.00000031,0.00003125,0.99996159,1.00000000,True
5,k=1,1,0.99000000,1.00000000,1.00000000,100000,100000,0.00000000,0.00000001,0.99996159,1.00000000,True
5,k=maioria,3,0.50000000,0.50000000,0.50043000,100000,50043,0.00043000,0.08600000,0.49733101,0.50352895,True
5,k=maioria,3,0.70000000,0.83692000,0.83760000,100000,83760,0.00068000,0.08125030,0.83530108,0.83987298,True
5,k=maioria,3,0.90000000,0.99144000,0.99172000,100000,99172,0.00028000,0.02824175,0.99113915,0.99226307,True
5,k=maioria,3,0.95000000,0.99884187,0.99898000,100000,99898,0.00013813,0.01382852,0.99876206,0.99915960,True
5,k=maioria,3,0.99000000,0.99999015,0.99997000,100000,99997,0.00002015,0.00201496,0.99991179,0.99998980,False
5,k=n,5,0.50000000,0.03125000,0.03069000,100000,3069,0.00056000,1.79200000,0.02963888,0.03177718,True
5,k=n,5,0.70000000,0.16807000,0.16642000,100000,16642,0.00165000,0.98173380,0.16412431,0.16874132,True
5,k=n,5,0.90000000,0.59049000,0.58946000,100000,58946,0.00103000,0.17443140,0.58640760,0.59250553,True
5,k=n,5,0.95000000,0.77378094,0.77409000,100000,77409,0.00030906,0.03994186,0.77148759,0.77667135,True
5,k=n,5,0.99000000,0.95099005,0.95046000,100000,95046,0.00053005,0.05573664,0.94909768,0.95178772,True
7,k=1,1,0.50000000,0.99218750,0.99250000,100000,99250,0.00031250,0.03149606,0.99194601,0.99301616,True
7,k=1,1,0.70000000,0.99978130,0.99980000,100000,99980,0.00001870,0.00187041,0.99969108,0.99987052,True
7,k=1,1,0.90000000,0.99999990,1.00000000,100000,100000,0.00000010,0.00001000,0.99996159,1.00000000,True
7,k=1,1,0.95000000,1.00000000,1.00000000,100000,100000,0.00000000,0.00000008,0.99996159,1.00000000,True
7,k=1,1,0.99000000,1.00000000,1.00000000,100000,100000,0.00000000,0.00000000,0.99996159,1.00000000,True
7,k=maioria,4,0.50000000,0.50000000,0.50217000,100000,50217,0.00217000,0.43400000,0.49907097,0.50526886,True
7,k=maioria,4,0.70000000,0.87396400,0.87387000,100000,87387,0.00009400,0.01075559,0.87179790,0.87591338,True
7,k=maioria,4,0.90000000,0.99727200,0.99726000,100000,99726,0.00001200,0.00120328,0.99691635,0.99756545,True
7,k=maioria,4,0.95000000,0.99980642,0.99979000,100000,99979,0.00001642,0.00164251,0.99967896,0.99986264,True
7,k=maioria,4,0.99000000,0.99999966,1.00000000,100000,100000,0.00000034,0.00003417,0.99996159,1.00000000,True
7,k=n,7,0.50000000,0.00781250,0.00780000,100000,780,0.00001250,0.16000000,0.00727333,0.00836448,True
7,k=n,7,0.70000000,0.08235430,0.08139000,100000,8139,0.00096430,1.17091639,0.07971128,0.08310088,True
7,k=n,7,0.90000000,0.47829690,0.47660000,100000,47660,0.00169690,0.35477964,0.47350532,0.47969648,True
7,k=n,7,0.95000000,0.69833730,0.69659000,100000,69659,0.00174730,0.25020804,0.69373305,0.69943184,True
7,k=n,7,0.99000000,0.93206535,0.93126000,100000,93126,0.00080535,0.08640466,0.92967519,0.93281167,True
9,k=1,1,0.50000000,0.99804688,0.99817000,100000,99817,0.00012313,0.01233659,0.99788528,0.99841645,True
9,k=1,1,0.70000000,0.99998032,0.99995000,100000,99995,0.00003032,0.00303176,0.99988295,0.99997864,False
9,k=1,1,0.90000000,1.00000000,1.00000000,100000,100000,0.00000000,0.00000010,0.99996159,1.00000000,True
9,k=1,1,0.95000000,1.00000000,1.00000000,100000,100000,0.00000000,0.00000000,0.99996159,1.00000000,True
9,k=1,1,0.99000000,1.00000000,1.00000000,100000,100000,0.00000000,0.00000000,0.99996159,1.00000000,True
9,k=maioria,5,0.50000000,0.50000000,0.50345000,100000,50345,0.00345000,0.69000000,0.50035097,0.50654877,False
9,k=maioria,5,0.70000000,0.90119134,0.90244000,100000,90244,0.00124866,0.13855659,0.90058543,0.90426365,True
9,k=maioria,5,0.90000000,0.99910908,0.99926000,100000,99926,0.00015092,0.01510546,0.99907119,0.99941045,True
9,k=maioria,5,0.95000000,0.99996678,0.99998000,100000,99998,0.00001322,0.00132226,0.99992707,0.99999452,True
9,k=maioria,5,0.99000000,0.99999999,1.00000000,100000,100000,0.00000001,0.00000122,0.99996159,1.00000000,True
9,k=n,9,0.50000000,0.00195312,0.00195000,100000,195,0.00000313,0.16000000,0.00169504,0.00224323,True
9,k=n,9,0.70000000,0.04035361,0.03963000,100000,3963,0.00072361,1.79316560,0.03843841,0.04085696,True
9,k=n,9,0.90000000,0.38742049,0.38423000,100000,38423,0.00319049,0.82352098,0.38121968,0.38724921,False
9,k=n,9,0.95000000,0.63024941,0.62699000,100000,62699,0.00325941,0.51716188,0.62398776,0.62998248,False
9,k=n,9,0.99000000,0.91351725,0.91379000,100000,91379,0.00027275,0.02985740,0.91203443,0.91551378,True
